순번,이수구분,대학,학부(과),교과목,교과목명,분반,교강사명,학점/이론/실습,강의시간,비고,원어구분,"수업
계획서","폐강
여부",수업평가결과,
,,,,,,,,,,,,,,과목,교강사
1,교직,사회과학대학,교육학과,010530B,교육과정,01,윤옥한,2.0/2.0/0.0,"화2A,2B,3A,3B/북악관9층9호실","외국인학생, 교직미이수자 및 교육학과 학부생 수강 불가",,,,,
2,교직,사회과학대학,교육학과,0105809,교육방법및교육공학,01,정선영,2.0/2.0/0.0,"수9A,9B,10A,10B/북악관10층6호실","외국인학생, 교직미이수자 및 교육학과 학부생 수강 불가",,,,,
3,교직,사회과학대학,교육학과,0758401,교육봉사활동,01,양민화,2.0/2.0/0.0,"토11A,11B,12A,12B/북악관10층6호실","외국인, 교직미이수자 수강불가. 자세한 것은 교직과정부에 문의",,,,,
4,교직,사회과학대학,교육학과,010600D,교육사회학,01,박지혜,2.0/2.0/0.0,"수6A,6B,7A,7B/북악관4층1호실","외국인학생, 교직미이수자 및 교육학과 학부생 수강 불가",,,,,
5,교직,사회과학대학,교육학과,0106402,교육심리학,01,김수리,2.0/2.0/0.0,"화8A,8B,9A,9B/북악관2층9호실","외국인학생, 교직미이수자 및 교육학과 학부생 수강 불가, 교육학과 다/부/연계(응용심리학)전공생은 교육학과 전공선택으로 이수바람",,,,,
6,교직,사회과학대학,교육학과,0106701,교육철학및교육사,01,이은경,2.0/2.0/0.0,"수8A,8B,9A,9B/북악관4층1호실","외국인학생, 교직미이수자 및 교육학과 학부생 수강 불가",,,,,
7,교직,사회과학대학,교육학과,0786200,교육평가,01,나종민,2.0/2.0/0.0,"수3A,3B,4A,4B/북악관2층7호실","외국인학생, 교직미이수자 및 교육학과 학부생 수강 불가",,,,,
8,교직,사회과학대학,교육학과,010700E,교육학개론,01,박균달,2.0/2.0/0.0,"금8A,8B,9A,9B/북악관4층5호실","외국인학생, 교직미이수자 및 교육학과 학부생 수강 불가",,,,,
9,교직,사회과학대학,교육학과,0107301,교육행정및교육경영,01,이은경,2.0/2.0/0.0,"월5A,5B,6A,6B/미래관2층4호실","외국인학생, 교직미이수자 및 교육학과 학부생 수강 불가",,,,,
10,교직,사회과학대학,교육학과,0763601,교직실무,01,김현진,2.0/2.0/0.0,"금6A,6B,7A,7B/북악관10층6호실","외국인학생, 교직미이수자 수강불가",,,,,
11,교직,사회과학대학,교육학과,0763601,교직실무,02,김현진,2.0/2.0/0.0,"금8A,8B,9A,9B/북악관10층6호실","외국인학생, 교직미이수자 수강불가",,,,,
12,교직,사회과학대학,교육학과,0789800,특수교육학개론,01,윤선아,2.0/2.0/0.0,"화6A,6B,7A,7B/법학관2층6호실","외국인학생, 교직미이수자 수강불가",,,,,
13,교직,사회과학대학,교육학과,0789800,특수교육학개론,02,윤선아,2.0/2.0/0.0,"목3A,3B,4A,4B/북악관2층9호실","외국인학생, 교직미이수자 수강불가",,,,,
14,교직,사회과학대학,교육학과,0900302,학교폭력예방및학생의이해,01,오준묵,2.0/2.0/0.0,"목8A,8B,9A,9B/북악관5층7호실","외국인학생, 교직미이수자 수강불가",,,,,
15,교직,사회과학대학,교육학과,0106304,학교현장실습,01,양민화,2.0/0.0/1.0,"토1A,1B/북악관10층6호실","외국인, 교직미이수자 수강불가. 자세한 것은 교직과정부에 문의",,,,,
16,자유교양,교양대학,교양대학,1200500,3D프린팅창의메이커스,01,김해동,3.0/2.0/1.0,"금5A,5B,6A,6B,7A,7B/조형관3층9호실",혼합수업(블렌디드수업),,,,,
17,자유교양,교양대학,교양대학,1200500,3D프린팅창의메이커스,02,신진우,3.0/2.0/1.0,"월5A,5B,6A,6B,7A,7B/조형관3층9호실",혼합수업(블렌디드수업),,,,,
18,자유교양,교양대학,교양대학,1200500,3D프린팅창의메이커스,03,신진우,3.0/2.0/1.0,"월8A,8B,9A,9B,10A,10B/조형관3층9호실",혼합수업(블렌디드수업),,,,,
19,자유교양,교양대학,교양대학,1200500,3D프린팅창의메이커스,04,김해동,3.0/2.0/1.0,"금2A,2B,3A,3B,4A,4B/조형관3층9호실",혼합수업(블렌디드수업),,,,,
20,자유교양,교양대학,교양대학,1631201,BBC Worklife News and Discussions 1,01,로버트스미스,2.0/2.0/0.0,"금1A,1B,2A,2B/북악관7층2호실",원어(영어)강의/토론식 수업,영어,,,,
21,자유교양,교양대학,교양대학,1631201,BBC Worklife News and Discussions 1,02,로버트스미스,2.0/2.0/0.0,"금3A,3B,4A,4B/북악관7층2호실",원어(영어)강의/토론식 수업,영어,,,,
22,자유교양,교양대학,교양대학,1631201,BBC Worklife News and Discussions 1,03,로버트스미스,2.0/2.0/0.0,"금5A,5B,6A,6B/북악관7층2호실",원어(영어)강의/토론식 수업,영어,,,,
23,자유교양,교양대학,교양대학,0759101,Business English,01,노윤아,2.0/2.0/0.0,"수7A,7B,8A,8B/북악관4층7-1호실",KIBS 수강 불가 /외국인학생 성적평가는 국내학생과 동일하게 적용/외국인학생 수강 시 TOPIK 3급 이상만 수강 가능,,,,,
24,자유교양,교양대학,교양대학,0838801,Cultural Business Discussions,01,로버트스미스,3.0/3.0/0.0,"화4A,4B,5A/북악관2층7호실
, 목4A,4B,5A/북악관2층11호실",원어(영어)강의/토론식 수업,영어,,,,
25,자유교양,교양대학,교양대학,0838801,Cultural Business Discussions,02,로버트스미스,3.0/3.0/0.0,"화1A,1B,2A, 목1A,1B,2A/북악관7층2호실",원어(영어)강의/ 토론식수업,영어,,,,
26,자유교양,교양대학,교양대학,0838801,Cultural Business Discussions,03,로버트스미스,3.0/3.0/0.0,"화2B,3A,3B/북악관2층7호실
, 목2B,3A,3B/북악관2층11호실",원어(영어)강의/토론식 수업,영어,,,,
27,자유교양,교양대학,교양대학,1030701,History of Western Philosophy,01,피터리,2.0/2.0/0.0,"목1A,1B,2A,2B/북악관2층9호실",원어(영어)강의,영어,,,,
28,자유교양,교양대학,교양대학,7126501,K-컬처의이해,01,이근세,3.0/3.0/0.0,"목7A,7B,8A,8B,9A,9B/북악관2층7호실",교양심화전공(K-컬처) 이수자 필수 교과목,,,,,
29,자유교양,교양대학,교양대학,0129807,Korean Tea Ceremony and world Tea Culture,01,유양석,2.0/2.0/0.0,"화3A,3B,4A,4B/명원박물관",원어(영어)강의/교환학생 수강 교과목,영어,,,,
30,자유교양,교양대학,교양대학,1030601,South Korean-U.S. Relations,01,피터김,2.0/2.0/0.0,"수4A,4B,5A,5B/국제관1층4호실",,영어,,,,
31,자유교양,교양대학,교양대학,0717001,e-Test,01,이재호,1.0/3.0/0.0,"수4A,4B,5A,5B,6A,6B/경영관4층13호실",학점교류생 수강불가,,,,,
32,자유교양,교양대학,교양대학,0717001,e-Test,02,이재호,1.0/3.0/0.0,"수7A,7B,8A,8B,9A,9B/예술관2층26호실",학점교류생 수강불가,,,,,
33,핵심교양,교양대학,교양대학,1134400,개인과사회,01,이수석,3.0/3.0/0.0,"월1A,1B,2A,2B,3A,3B/북악관5층8호실",사회학과 수강불가,,,,,
34,핵심교양,교양대학,교양대학,1134400,개인과사회,51,이장영,3.0/3.0/0.0,"월10A,10B,11A,11B,12A,12B/북악관8층11호실",사회학과 수강불가,,,,,
35,자유교양,교양대학,교양대학,0549002,고전과패러디,01,조유선,3.0/3.0/0.0,"화2B,3A,3B,4A,4B,5A/국제관1층5호실",,,,,,
36,자유교양,교양대학,교양대학,1558000,공공기관과진로설계,01,김세준,1.0/2.0/0.0,"금3A,3B,4A,4B/미래관1층14호실",,,,,,
37,자유교양,교양대학,교양대학,1558000,공공기관과진로설계,02,김세준,1.0/2.0/0.0,"금5A,5B,6A,6B/미래관1층14호실",,,,,,
38,자유교양,교양대학,교양대학,1280702,공기업및공공기관취업전략,01,이재호,2.0/1.0/1.0,"수6A,6B,7A,7B/글로벌센터1층1호실",학점교류생 수강불가,,,,,
39,핵심교양,교양대학,교양대학,1133401,공연예술읽기(무용),01,현혜선,3.0/3.0/0.0,"화2B,3A,3B, 목2B,3A,3B/미래관3층19호실",무용전공 수강불가,,,,,
40,핵심교양,교양대학,교양대학,1133401,공연예술읽기(무용),02,현혜선,3.0/3.0/0.0,"화1A,1B,2A, 목1A,1B,2A/미래관3층19호실",무용전공 수강불가,,,,,
41,핵심교양,교양대학,교양대학,1133401,공연예술읽기(무용),03,한지영,3.0/3.0/0.0,"수4A,4B,5A, 금4A,4B,5A/미래관3층19호실",무용전공 수강불가,,,,,
42,핵심교양,교양대학,교양대학,1133400,공연예술읽기(연극),01,문현정,3.0/3.0/0.0,"화1A,1B,2A, 목1A,1B,2A/예술관1층19호실",연극-영화전공 수강불가,,,,,
43,핵심교양,교양대학,교양대학,1133400,공연예술읽기(연극),02,문현정,3.0/3.0/0.0,"화2B,3A,3B, 목2B,3A,3B/예술관1층19호실",연극-영화전공 수강불가,,,,,
44,핵심교양,교양대학,교양대학,1133400,공연예술읽기(연극),03,고성일,3.0/3.0/0.0,"수5B,6A,6B, 금5B,6A,6B/예술관1층16호실",연극-영화전공 수강불가,,,,,
45,자유교양,교양대학,교양대학,0561401,공연줍기,01,문영,3.0/1.0/2.0,"수7A,7B,8A,8B,9A,9B/예술관1층19호실","무용전공 수강불가,",,,,,
46,자유교양,교양대학,교양대학,1618201,공학의세계,01,한화택,2.0/2.0/0.0,"월2B,3A,3B,4A/북악관8층5호실",,,,,,
47,핵심교양,교양대학,교양대학,1135800,과학과창의적사고,01,장지훈,3.0/3.0/0.0,"목7A,7B,8A,8B,9A,9B/과학관1층20호실",나노전자물리학과 수강불가,,,,,
48,핵심교양,교양대학,교양대학,1135800,과학과창의적사고,02,명보라,3.0/3.0/0.0,"수4A,4B,5A,5B,6A,6B/과학관4층22호실",나노전자물리학과 수강불가,,,,,
49,핵심교양,교양대학,교양대학,1136000,과학기술과인간사고의변화,01,이근세,3.0/3.0/0.0,"수8B,9A,9B, 금8B,9A,9B/북악관4층7호실",,,,,,
50,핵심교양,교양대학,교양대학,1136000,과학기술과인간사고의변화,02,양민정,3.0/3.0/0.0,"화5B,6A,6B, 목5B,6A,6B/경영관1층9호실",,,,,,
51,핵심교양,교양대학,교양대학,1136000,과학기술과인간사고의변화,03,양민정,3.0/3.0/0.0,"화4A,4B,5A, 목4A,4B,5A/미래관3층37호실",,,,,,
52,핵심교양,교양대학,교양대학,1136000,과학기술과인간사고의변화,04,신혜영,3.0/3.0/0.0,"월4A,4B,5A, 수4A,4B,5A/북악관3층1호실",,,,,,
53,핵심교양,교양대학,교양대학,1136000,과학기술과인간사고의변화,05,신혜영,3.0/3.0/0.0,"월7A,7B,8A,8B,9A,9B/북악관11층10호실",,,,,,
54,자유교양,교양대학,교양대학,1615601,광고와미디어의이해,01,이정훈,3.0/3.0/0.0,"목5B,6A,6B,7A,7B,8A/북악관4층2호실",광고홍보학전공 수강불가(광고학입문 수강자 수강불가),,,,,
55,자유교양,교양대학,교양대학,0404803,교양재테크,01,배중기,2.0/2.0/0.0,"화5A,5B,6A,6B/글로벌센터1층1호실",,,,,,
56,핵심교양,교양대학,교양대학,1284601,국제관계의이해와통일,01,남광규,3.0/3.0/0.0,"화5B,6A,6B, 목5B,6A,6B/북악관10층13호실",,,,,,
57,핵심교양,교양대학,교양대학,1284601,국제관계의이해와통일,51,조남훈,3.0/3.0/0.0,"월12A,12B,13A,13B,14A,14B/북악관3층9호실",,,,,,
58,핵심교양,교양대학,교양대학,0402905,그리스신화와서양의문명,01,박규철,3.0/3.0/0.0,"화5B,6A,6B, 목5B,6A,6B/공학관지하1층17호실",,,,,,
59,핵심교양,교양대학,교양대학,0402905,그리스신화와서양의문명,02,박규철,3.0/3.0/0.0,"화7A,7B,8A, 목7A,7B,8A/북악관8층5호실",,,,,,
60,핵심교양,교양대학,교양대학,0402905,그리스신화와서양의문명,03,박규철,3.0/3.0/0.0,"수7A,7B,8A,8B,9A,9B/과학관3층24호실",,,,,,
61,핵심교양,교양대학,교양대학,1030102,글로벌기업가정신과창업,01,정수성,3.0/3.0/0.0,"화4A,4B,5A, 목4A,4B,5A/경영관5층6호실",경영대학 수강불가,,,,,
62,핵심교양,교양대학,교양대학,1030102,글로벌기업가정신과창업,02,정수성,3.0/3.0/0.0,"화7A,7B,8A, 목7A,7B,8A/경영관5층6호실",경영대학 수강불가,,,,,
63,핵심교양,교양대학,교양대학,1030102,글로벌기업가정신과창업,51,박계현,3.0/3.0/0.0,"수12A,12B,13A,13B,14A,14B/국제관5층4호실",경영대학 수강불가,,,,,
64,핵심교양,교양대학,교양대학,0190303,글로벌미디어문화와영화영어,01,류도형,3.0/3.0/0.0,"월6A,6B,7A,7B,8A,8B/북악관7층6호실",외국인학생 성적평가는 국내학생과 동일하게 적용/외국인학생 수강 시 TOPIK 3급 이상만 수강 가능,,,,,
65,핵심교양,교양대학,교양대학,0190303,글로벌미디어문화와영화영어,02,이지현,3.0/3.0/0.0,"화4A,4B,5A,5B,6A,6B/북악관7층6호실",외국인학생 성적평가는 국내학생과 동일하게 적용/외국인학생 수강 시 TOPIK 3급 이상만 수강 가능,,,,,
66,핵심교양,교양대학,교양대학,0190303,글로벌미디어문화와영화영어,03,노윤아,3.0/3.0/0.0,"화7A,7B,8A,8B,9A,9B/북악관7층6호실",외국인학생 성적평가는 국내학생과 동일하게 적용/외국인학생 수강 시 TOPIK 3급 이상만 수강 가능,,,,,
67,핵심교양,교양대학,교양대학,0190303,글로벌미디어문화와영화영어,04,임미진,3.0/3.0/0.0,"수4A,4B,5A,5B,6A,6B/북악관7층6호실",외국인학생 성적평가는 국내학생과 동일하게 적용/외국인학생 수강 시 TOPIK 3급 이상만 수강 가능,,,,,
68,핵심교양,교양대학,교양대학,0190303,글로벌미디어문화와영화영어,05,임미진,3.0/3.0/0.0,"수7A,7B,8A,8B,9A,9B/북악관7층6호실",외국인학생 성적평가는 국내학생과 동일하게 적용/외국인학생 수강 시 TOPIK 3급 이상만 수강 가능,,,,,
69,핵심교양,교양대학,교양대학,0190303,글로벌미디어문화와영화영어,06,류도형,3.0/3.0/0.0,"목4A,4B,5A,5B,6A,6B/북악관7층6호실",외국인학생 성적평가는 국내학생과 동일하게 적용/외국인학생 수강 시 TOPIK 3급 이상만 수강 가능,,,,,
70,핵심교양,교양대학,교양대학,0190303,글로벌미디어문화와영화영어,07,류도형,3.0/3.0/0.0,"목7A,7B,8A,8B,9A,9B/북악관7층6호실",외국인학생 성적평가는 국내학생과 동일하게 적용/외국인학생 수강 시 TOPIK 3급 이상만 수강 가능,,,,,
71,핵심교양,교양대학,교양대학,0190303,글로벌미디어문화와영화영어,08,김혜정,3.0/3.0/0.0,"금6A,6B,7A,7B,8A,8B/북악관7층6호실",외국인학생 성적평가는 국내학생과 동일하게 적용/외국인학생 수강 시 TOPIK 3급 이상만 수강 가능,,,,,
72,핵심교양,교양대학,교양대학,0403403,글로벌사회와젠더,01,한희정,3.0/3.0/0.0,"수5B,6A,6B,7A,7B,8A/법학관2층4호실",,,,,,
73,핵심교양,교양대학,교양대학,0403403,글로벌사회와젠더,02,한영선,3.0/3.0/0.0,"목4A,4B,5A,5B,6A,6B/법학관3층5호실",,,,,,
74,핵심교양,교양대학,교양대학,0403403,글로벌사회와젠더,03,한영선,3.0/3.0/0.0,"목1A,1B,2A,2B,3A,3B/법학관2층4호실",,,,,,
75,핵심교양,교양대학,교양대학,1134601,글로벌시대의심리학,01,서신화,3.0/3.0/0.0,"수5B,6A,6B, 금5B,6A,6B/북악관3층4호실",,,,,,
76,핵심교양,교양대학,교양대학,1134601,글로벌시대의심리학,02,남숙경,3.0/3.0/0.0,"수4A,4B,5A, 금4A,4B,5A/공학관2층28호실",대형강좌,,,,,
77,핵심교양,교양대학,교양대학,1134601,글로벌시대의심리학,03,오남경,3.0/3.0/0.0,"화1A,1B,2A, 목1A,1B,2A/국제관2층1-2호실",,,,,,
78,핵심교양,교양대학,교양대학,1134601,글로벌시대의심리학,04,오남경,3.0/3.0/0.0,"화2B,3A,3B, 목2B,3A,3B/북악관3층10호실",,,,,,
79,핵심교양,교양대학,교양대학,1134601,글로벌시대의심리학,05,박도현,3.0/3.0/0.0,"화2B,3A,3B, 목2B,3A,3B/북악관8층5호실",,,,,,
80,핵심교양,교양대학,교양대학,1134601,글로벌시대의심리학,51,박도현,3.0/3.0/0.0,"화10A,10B,11A,11B,12A,12B/북악관3층10호실",,,,,,
81,자유교양,교양대학,교양대학,0716901,글로벌이니셔티브프로그램,01,이재호,2.0/2.0/0.0,"금1A,1B,2A,2B,3A,3B,4A,4B/국제관1층3호실",집중이수제(8주수업)/1~2학년 및 학점교류생 수강불가/영어권,,,,,
82,자유교양,교양대학,교양대학,0716901,글로벌이니셔티브프로그램,02,이재호,2.0/2.0/0.0,"금6A,6B,7A,7B/공학관5층22호실",학점교류생 수강불가/영어권 중심,,,,,
83,자유교양,교양대학,교양대학,0716901,글로벌이니셔티브프로그램,03,이재호,2.0/2.0/0.0,"금8A,8B,9A,9B/공학관지하1층19호실","학점교류생 수강불가/비영어권(유럽, 아시아)중심",,,,,
84,자유교양,교양대학,교양대학,1196500,기업가정신 사회봉사I,01,김성일,1.0/0.0/2.0,"목8A,8B,9A,9B/북악관4층5호실",일반 '사회봉사Ⅰ' 과 동시수강불가,,,,,
85,자유교양,교양대학,교양대학,1280600,기업가정신과직무역량,01,이재호,2.0/1.0/1.0,"수8A,8B,9A,9B/글로벌센터1층1호실",1~2학년 및 학점교류생 수강불가,,,,,
86,자유교양,교양대학,교양대학,1231701,기업가정신특강,01,김종성,1.0/1.0/0.0,"월6A,6B,7A,7B/본부관1층1호실",집중이수제 / '목요특강' 및 '융합특강'과 동시수강불가/수강안내참고요망,,,,,
87,자유교양,교양대학,교양대학,0534903,기초검도,01,전기제,1.0/1.0/1.0,"수6A,6B,7A,7B/미래관1층19호실",,,,,,
88,자유교양,교양대학,교양대학,0534903,기초검도,02,전기제,1.0/1.0/1.0,"수8A,8B,9A,9B/미래관1층19호실",,,,,,
89,자유교양,교양대학,교양대학,1327700,기초베트남어,01,호티롱안,2.0/2.0/0.0,"금8A,8B,9A,9B/법학관2층4호실",외국인(베트남) 학생 수강 불가,,,,,
90,자유교양,교양대학,교양대학,1200600,기초스페인어,01,전수진,2.0/2.0/0.0,"금1A,1B,2A,2B/북악관4층1호실",,,,,,
91,자유교양,교양대학,교양대학,1200600,기초스페인어,02,전수진,2.0/2.0/0.0,"금3A,3B,4A,4B/북악관4층1호실",,,,,,
92,자유교양,교양대학,교양대학,0013209,기초중국어커뮤니케이션I,01,오한나,2.0/2.0/0.0,"목1A,1B,2A,2B/법학관3층5호실","중국인학생, 중국어문전공 및 중국정경전공 (2~4학년) 수강불가, HSK 3급이상 취득한 학생 수강 불가",,,,,
93,자유교양,교양대학,교양대학,0013209,기초중국어커뮤니케이션I,02,채예령,2.0/2.0/0.0,"화3A,3B,4A,4B/법학관2층4호실","중국인학생, 중국어문전공 및 중국정경전공 (2~4학년) 수강불가, HSK 3급이상 취득한 학생 수강 불가",,,,,
94,자유교양,교양대학,교양대학,0622303,기초중국어커뮤니케이션II,01,이설화,2.0/2.0/0.0,"목3A,3B,4A,4B/법학관3층5호실","중국인학생, 중국어문전공 및 중국정경전공 (2~4학년) 수강불가, HSK 3급이상 취득한 학생 수강 불가",,,,,
95,자유교양,교양대학,교양대학,0838304,기초한국어,01,최수현,3.0/3.0/0.0,"화7A,7B,8A, 수3B,4A,4B/글로벌센터5층4호실","대학원생, 교환학생만 수강 가능(학부 외국인학생 수강불가)",,,,,
96,자유교양,교양대학,교양대학,0838304,기초한국어,02,홍성지,3.0/3.0/0.0,"수5B,6A,6B, 금3B,4A,4B/국제관1층2호실","대학원생, 교환학생만 수강 가능(학부 외국인학생 수강불가)",,,,,
97,자유교양,교양대학,교양대학,1631101,기후위기와사회변동,01,이수경,3.0/3.0/0.0,"수7A,7B,8A,8B,9A,9B/북악관10층13호실",,,,,,
98,자유교양,교양대학,교양대학,1642301,기후인문학의이해,01,이정철,3.0/3.0/0.0,"화1A,1B,2A,2B,3A,3B/북악관3층9호실",,,,,,
99,핵심교양,교양대학,교양대학,0189305,논리와소통,01,양민정,3.0/3.0/0.0,"화2B,3A,3B, 목2B,3A,3B/미래관5층27호실",,,,,,
100,핵심교양,교양대학,교양대학,0189305,논리와소통,02,조종화,3.0/3.0/0.0,"수5B,6A,6B, 금5B,6A,6B/법학관3층3호실",,,,,,
101,핵심교양,교양대학,교양대학,0189305,논리와소통,03,조종화,3.0/3.0/0.0,"화1A,1B,2A, 목1A,1B,2A/북악관6층5호실",,,,,,
102,핵심교양,교양대학,교양대학,0189305,논리와소통,04,양민정,3.0/3.0/0.0,"수4A,4B,5A, 금4A,4B,5A/북악관10층13호실",,,,,,
103,자유교양,교양대학,교양대학,0129806,다례,01,유양석,2.0/2.0/0.0,"수5A,5B,6A,6B/명원박물관B동지하2층1호실",,,,,,
104,자유교양,교양대학,교양대학,0129806,다례,02,유양석,2.0/2.0/0.0,"수7A,7B,8A,8B/명원박물관B동지하2층1호실",,,,,,
105,자유교양,교양대학,교양대학,0791702,대중문화속한국어,01,박근영,3.0/3.0/0.0,"월8B,9A,9B, 수7A,7B,8A/글로벌센터5층4호실","대학원생, 교환학생, 학부 외국인학생만 수강 가능",,,,,
106,자유교양,교양대학,교양대학,0791702,대중문화속한국어,02,박근영,3.0/3.0/0.0,"월7A,7B,8A, 수8B,9A,9B/글로벌센터5층4호실","대학원생, 교환학생, 학부 외국인학생만 수강 가능",,,,,
107,자유교양,교양대학,교양대학,0187904,독일어I,01,서윤정,2.0/2.0/0.0,"금6A,6B,7A,7B/북악관3층9호실",,,,,,
108,자유교양,교양대학,교양대학,0561601,동아시아근대사와인물,01,김경옥,2.0/2.0/0.0,"월7A,7B,8A,8B/북악관8층5호실",,,,,,
109,자유교양,교양대학,교양대학,0403702,동양철학의이해,51,이근세,2.0/2.0/0.0,"목13A,13B,14A,14B/북악관3층1호실",,,,,,
110,자유교양,교양대학,교양대학,0574301,드라마속인생경험,01,김나리,3.0/1.0/2.0,"수3A,3B,4A,4B,5A,5B/미래관2층17호실",,,,,,
111,자유교양,교양대학,교양대학,1615701,드론의이해,01,이성욱,2.0/2.0/0.0,"목5A,5B,6A,6B/공학관3층52호실",,,,,,
112,핵심교양,교양대학,교양대학,1133300,디자인의이해,01,윤나리,3.0/3.0/0.0,"목1A,1B,2A,2B,3A,3B/조형관3층9호실",조형대학 수강불가,,,,,
113,핵심교양,교양대학,교양대학,1133300,디자인의이해,02,연명흠,3.0/3.0/0.0,"화1A,1B,2A,2B,3A,3B/조형관3층14호실",원격수업/협동강좌/조형대학 수강불가,,,,,
114,핵심교양,교양대학,교양대학,1133300,디자인의이해,03,윤나리,3.0/3.0/0.0,"목7A,7B,8A,8B,9A,9B/조형관3층9호실",조형대학 수강불가,,,,,
115,핵심교양,교양대학,교양대학,1133300,디자인의이해,04,강희정,3.0/3.0/0.0,"수7A,7B,8A,8B,9A,9B/조형관2층14호실",조형대학 수강불가,,,,,
116,자유교양,교양대학,교양대학,1631301,디지털리터러시,01,곽수범,3.0/3.0/0.0,"수6A,6B,7A,7B,8A,8B/북악관3층11호실",,,,,,
117,자유교양,교양대학,교양대학,0171904,디지털시대공공정책의이해,01,이은미,2.0/2.0/0.0,"수8A,8B,9A,9B/과학관지하1층8호실",,,,,,
118,핵심교양,교양대학,교양대학,1134900,리더십챌린지,01,민은홍,3.0/3.0/0.0,"금5B,6A,6B,7A,7B,8A/경영관1층13호실",,,,,,
119,핵심교양,교양대학,교양대학,1134900,리더십챌린지,02,이동희,3.0/3.0/0.0,"수4A,4B,5A,5B,6A,6B/경영관1층9호실",경영대학 수강불가,,,,,
120,핵심교양,교양대학,교양대학,1134900,리더십챌린지,03,박성열,3.0/3.0/0.0,"목1A,1B,2A,2B,3A,3B/공학관지하1층18호실",경영대학 수강불가,,,,,
121,핵심교양,교양대학,교양대학,1134900,리더십챌린지,04,김재훈,3.0/3.0/0.0,"화4A,4B,5A,5B,6A,6B/경영관지하1층7-1호실",경영대학 수강불가,,,,,
122,핵심교양,교양대학,교양대학,1134900,리더십챌린지,51,김문경,3.0/3.0/0.0,"수10A,10B,11A,11B,12A,12B/경영관지하1층7-1호실",기업경영학부/기업융합법학과 학생만 수강 가능,,,,,
123,자유교양,교양대학,교양대학,0180405,맑시즘의이해,01,김경래,2.0/2.0/0.0,"금3A,3B,4A,4B/북악관3층1호실",,,,,,
124,자유교양,교양대학,교양대학,0368203,"목요특강:문화,IT,기업가정신",01,김희선,1.0/2.0/0.0,"목7A,7B,8A,8B/본부관1층1호실","'융합특강', '기업가정신 특강'과 동시수강 불가",,,,,
125,자유교양,교양대학,교양대학,0155405,목재의비밀,01,김범준,2.0/2.0/0.0,"목3A,3B,4A,4B/미래관3층20호실",임산생명공학과 학생 수강불가,,,,,
126,자유교양,교양대학,교양대학,0535204,몸으로표현하기(무용),01,최서연,2.0/0.0/2.0,"목4A,4B,5A,5B/미래관1층19호실",무용전공 수강불가,,,,,
127,자유교양,교양대학,교양대학,0535002,무대미술의이해,01,김인준,2.0/2.0/0.0,"화3A,3B,4A,4B/예술관1층17호실",,,,,,
128,핵심교양,교양대학,교양대학,1134800,문명과세계화의도전,01,안드레이 란코프,3.0/3.0/0.0,"화1A,1B,2A, 목1A,1B,2A/북악관3층5호실",원어(영어)강의,영어,,,,
129,핵심교양,교양대학,교양대학,1134800,문명과세계화의도전,02,안드레이 란코프,3.0/3.0/0.0,"화2B,3A,3B, 목2B,3A,3B/북악관4층6호실",,,,,,
130,핵심교양,교양대학,교양대학,1134800,문명과세계화의도전,03,안현상,3.0/3.0/0.0,"수5B,6A,6B, 금5B,6A,6B/북악관4층2호실",,,,,,
131,핵심교양,교양대학,교양대학,1134800,문명과세계화의도전,04,안현상,3.0/3.0/0.0,"금7A,7B,8A,8B,9A,9B/법학관3층2호실",,,,,,
132,핵심교양,교양대학,교양대학,1617701,문학속의심리학,01,박진,3.0/3.0/0.0,"화4A,4B,5A, 목4A,4B,5A/북악관8층2호실",,,,,,
133,핵심교양,교양대학,교양대학,1617701,문학속의심리학,02,박필현,3.0/3.0/0.0,"수5B,6A,6B, 금5B,6A,6B/북악관3층1호실",,,,,,
134,핵심교양,교양대학,교양대학,1617701,문학속의심리학,03,박진,3.0/3.0/0.0,"수7A,7B,8A, 금7A,7B,8A/북악관8층2호실",,,,,,
135,핵심교양,교양대학,교양대학,1617701,문학속의심리학,04,박진,3.0/3.0/0.0,"수8B,9A,9B, 금8B,9A,9B/북악관8층2호실",,,,,,
136,자유교양,교양대학,교양대학,1642201,문학으로만나는사랑과죽음,01,박필현,2.0/2.0/0.0,"목5A,5B,6A,6B/과학관2층23호실",외국인학생 수강 시 TOPIK 5급 이상 수강 가능,,,,,
137,자유교양,교양대학,교양대학,0535301,문화공간탐방,01,고성일,3.0/3.0/0.0,"목5A,5B,6A,6B,7A,7B/예술관1층18호실",,,,,,
138,자유교양,교양대학,교양대학,0499301,문화권으로보는한국사,51,여성구,2.0/2.0/0.0,"화10A,10B,11A,11B/북악관3층4호실",,,,,,
139,자유교양,교양대학,교양대학,0929001,문화예술교육의이해,01,이선철,2.0/2.0/0.0,"목3A,3B,4A,4B/예술관1층17호실",,,,,,
140,자유교양,교양대학,교양대학,0929001,문화예술교육의이해,02,이선철,2.0/2.0/0.0,"목1A,1B,2A,2B/예술관1층17호실",,,,,,
141,핵심교양,교양대학,교양대학,7126401,문화이론과대중문화,01,박진,3.0/3.0/0.0,"화7A,7B,8A, 목7A,7B,8A/북악관6층5호실",,,,,,
142,핵심교양,교양대학,교양대학,7126401,문화이론과대중문화,02,신제원,3.0/3.0/0.0,"화2B,3A,3B/북악관4층9호실
, 목2B,3A,3B/북악관6층5호실",,,,,,
143,핵심교양,교양대학,교양대학,7126401,문화이론과대중문화,03,김남혁,3.0/3.0/0.0,"화5B,6A,6B, 목5B,6A,6B/북악관6층5호실",,,,,,
144,자유교양,교양대학,교양대학,0188403,문화인류학의이해,01,이규호,2.0/2.0/0.0,"목7A,7B,8A,8B/법학관1층1호실",혼합수업(블렌디드수업),,,,,
145,자유교양,교양대학,교양대학,0188403,문화인류학의이해,51,이규호,2.0/2.0/0.0,"목10A,10B,11A,11B/법학관3층3호실",혼합수업(블렌디드수업),,,,,
146,자유교양,교양대학,교양대학,0791902,미디어로읽는한국어와한국사회,01,백인선,3.0/3.0/0.0,"화2B,3A,3B/글로벌센터5층4호실
, 수4A,4B,5A/북악관4층1호실","대학원생, 교환학생, 학부 외국인학생만 수강 가능",,,,,
147,핵심교양,교양대학,교양대학,0838101,미디어와공동체,01,한지원,3.0/3.0/0.0,"월7A,7B,8A, 수7A,7B,8A/미래관3층19호실",미디어·광고학부 미디어전공 수강불가,,,,,
148,핵심교양,교양대학,교양대학,0838101,미디어와공동체,02,김성준,3.0/3.0/0.0,"화4A,4B,5A, 목4A,4B,5A/북악관11층10호실",미디어·광고학부 미디어전공 수강불가/외국인학생반,,,,,
149,핵심교양,교양대학,교양대학,0838101,미디어와공동체,03,조인숙,3.0/3.0/0.0,"화2B,3A,3B, 목2B,3A,3B/공학관2층28호실",미디어·광고학부 미디어전공 수강불가,,,,,
150,핵심교양,교양대학,교양대학,0838101,미디어와공동체,04,권경은,3.0/3.0/0.0,"금5A,5B,6A,6B,7A,7B/북악관4층5호실",미디어·광고학부 미디어전공 수강불가,,,,,
151,핵심교양,교양대학,교양대학,0838101,미디어와공동체,05,이대현,3.0/3.0/0.0,"화2B,3A,3B, 목2B,3A,3B/경영관3층1호실",미디어·광고학부 미디어전공 수강불가,,,,,
152,핵심교양,교양대학,교양대학,0838101,미디어와공동체,51,이은영,3.0/3.0/0.0,"월10A,10B,11A,11B,12A,12B/북악관3층1호실",미디어·광고학부 미디어전공 수강불가,,,,,
153,자유교양,교양대학,교양대학,0305703,미디어초급중국어,01,이설화,2.0/2.0/0.0,"수5A,5B,6A,6B/북악관3층5호실","중국인학생, 중국어문전공 및 중국정경전공 (2~4학년) 수강불가, HSK 3급이상 취득한 학생 수강 불가",,,,,
154,자유교양,교양대학,교양대학,0185904,미래사회의이해,01,김송죽,3.0/3.0/0.0,"목4A,4B,5A,5B,6A,6B/법학관2층5호실",,,,,,
155,자유교양,교양대학,교양대학,0185904,미래사회의이해,51,김송죽,3.0/3.0/0.0,"화11A,11B,12A,12B,13A,13B/북악관3층2호실",,,,,,
156,핵심교양,교양대학,교양대학,1467100,미래자동차혁명,01,김선희,3.0/3.0/0.0,"금1A,1B,2A,2B,3A,3B/공학관2층28호실",대형강좌/협동강의/원격수업/자동차융합대학 수강불가,,,,,
157,핵심교양,교양대학,교양대학,1467100,미래자동차혁명,02,김선희,3.0/3.0/0.0,"금1A,1B,2A,2B,3A,3B/공학관2층26호실",협동강의/원격수업/자동차융합대학 학생만 수강가능,,,,,
158,핵심교양,교양대학,교양대학,1133200,미술의이해,01,조서현,3.0/3.0/0.0,"화1A,1B,2A, 목1A,1B,2A/예술관지하1층10호실",미술학부 수강불가,,,,,
159,핵심교양,교양대학,교양대학,1133200,미술의이해,02,허윤정,3.0/3.0/0.0,"화2B,3A,3B,4A,4B,5A/예술관지하1층10호실","미술학부 수강불가, 원격강의",,,,,
160,핵심교양,교양대학,교양대학,1133200,미술의이해,03,손상미,3.0/3.0/0.0,"수7A,7B,8A, 금7A,7B,8A/예술관4층6호실",미술학부 수강불가,,,,,
161,핵심교양,교양대학,교양대학,1133200,미술의이해,04,최지혜,3.0/3.0/0.0,"금7A,7B,8A,8B,9A,9B/예술관지하1층10호실",미술학부 수강불가,,,,,
162,핵심교양,교양대학,교양대학,1133200,미술의이해,05,손상미,3.0/3.0/0.0,"금2A,2B,3A,3B,4A,4B/북악관8층2호실",미술학부 수강불가,,,,,
163,핵심교양,교양대학,교양대학,1133200,미술의이해,06,손상미,3.0/3.0/0.0,"화2B,3A,3B, 수2B,3A,3B/북악관3층6호실",미술학부 수강불가,,,,,
164,자유교양,교양대학,교양대학,0160806,민법의이해,01,권솔지,2.0/2.0/0.0,"목1A,1B,2A,2B/법학관1층1호실",,,,,,
165,자유교양,교양대학,교양대학,0160806,민법의이해,02,권솔지,2.0/2.0/0.0,"목3A,3B,4A,4B/법학관1층1호실",,,,,,
166,자유교양,교양대학,교양대학,1628502,박물관전시큐레이팅,01,장지영,3.0/1.0/2.0,"월5A,5B,6A,6B,7A,7B/명원박물관B동지하2층1호실",,,,,,
167,자유교양,교양대학,교양대학,1628502,박물관전시큐레이팅,02,장지영,3.0/1.0/2.0,"목5A,5B,6A,6B,7A,7B/명원박물관B동지하2층1호실",,,,,,
168,자유교양,교양대학,교양대학,0790401,발레와과학이야기,01,서희영,2.0/1.0/1.0,"화6A,6B,7A,7B/예술관지하3층4호실",협동강의/무용전공 수강불가,,,,,
169,자유교양,교양대학,교양대학,0549502,부모연습,01,김향숙,2.0/1.0/1.0,"목3A,3B,4A,4B/북악관2층11호실",,,,,,
170,자유교양,교양대학,교양대학,1641801,북악정치포럼,01,배병인,2.0/2.0/0.0,"화10B,11A,11B,12A/본부관1층1호실",,,,,,
171,자유교양,교양대학,교양대학,1641501,북한사회및경제입문,01,안드레이 란코프,2.0/2.0/0.0,"화6A,6B,7A,7B/법학관1층1호실",,,,,,
172,자유교양,교양대학,교양대학,0562101,북한산트레일녹색자습,01,강민경,2.0/1.0/1.0,"화5A,5B,6A,6B/미래관1층14호실",,,,,,
173,자유교양,교양대학,교양대학,0562101,북한산트레일녹색자습,02,임주훈,2.0/1.0/1.0,"화7A,7B,8A,8B/미래관1층14호실",,,,,,
174,자유교양,교양대학,교양대학,0403502,북한역사의이해,01,안드레이 란코프,2.0/2.0/0.0,"월3A,3B,4A,4B/북악관8층2호실",,,,,,
175,자유교양,교양대학,교양대학,0403502,북한역사의이해,51,신효숙,2.0/2.0/0.0,"목10A,10B,11A,11B/북악관3층2호실",,,,,,
176,자유교양,교양대학,교양대학,0403603,북한의생활문화이해,01,김영란,2.0/2.0/0.0,"수7A,7B,8A,8B/공학관2층16호실",,,,,,
177,자유교양,교양대학,교양대학,0403603,북한의생활문화이해,51,허정필,2.0/2.0/0.0,"월11A,11B,12A,12B/북악관8층3호실",,,,,,
178,자유교양,교양대학,교양대학,0186606,불어,01,허영인,2.0/2.0/0.0,"목1A,1B,2A,2B/북악관3층6호실",,,,,,
179,자유교양,교양대학,교양대학,1641701,빛과아인슈타인,01,심인보,2.0/2.0/0.0,"목2A,2B,3A,3B/과학관4층22호실",,,,,,
180,자유교양,교양대학,교양대학,0011105,사서삼경의이해,01,한영걸,2.0/2.0/0.0,"화3B,4A,4B,5A/북악관2층11호실",,,,,,
181,자유교양,교양대학,교양대학,0758902,사회봉사(성곡글로벌가족),01,이성욱,1.0/0.0/2.0,"일2A,2B,3A,3B/",학사공지-성곡글로벌가족멘토링 참조,,,,,
182,자유교양,교양대학,교양대학,0294104,사회봉사I,01,김성일,1.0/0.0/2.0,"일0A,0B,1A,1B/",'기업가정신 사회봉사Ⅰ'과 동시수강 불가,,,,,
183,핵심교양,교양대학,교양대학,1557201,사회적행동과성격심리학,01,김지연,3.0/3.0/0.0,"금2A,2B,3A,3B,4A,4B/북악관4층5호실",,,,,,
184,핵심교양,교양대학,교양대학,1557201,사회적행동과성격심리학,02,김수리,3.0/3.0/0.0,"목6A,6B,7A,7B,8A,8B/북악관11층11호실",,,,,,
185,핵심교양,교양대학,교양대학,1557201,사회적행동과성격심리학,03,송수미,3.0/3.0/0.0,"목6A,6B,7A,7B,8A,8B/북악관3층4호실",,,,,,
186,자유교양,교양대학,교양대학,1558200,사회혁신과소셜벤처창업론,01,김성일,3.0/1.0/2.0,"금7A,7B,8A,8B,9A,9B/공학관2층16호실",,,,,,
187,핵심교양,교양대학,교양대학,1132600,삶과윤리,01,조종화,3.0/3.0/0.0,"화4A,4B,5A, 목4A,4B,5A/미래관2층4호실",,,,,,
188,핵심교양,교양대학,교양대학,1132600,삶과윤리,02,박규철,3.0/3.0/0.0,"화2B,3A,3B, 목2B,3A,3B/북악관4층3호실",,,,,,
189,핵심교양,교양대학,교양대학,1132600,삶과윤리,03,이근세,3.0/3.0/0.0,"수7A,7B,8A, 금7A,7B,8A/북악관3층4호실",,,,,,
190,핵심교양,교양대학,교양대학,1132600,삶과윤리,04,정혜진,3.0/3.0/0.0,"수5B,6A,6B, 금5B,6A,6B/북악관4층6호실",,,,,,
191,핵심교양,교양대학,교양대학,1132600,삶과윤리,05,박규철,3.0/3.0/0.0,"화8B,9A,9B, 목8B,9A,9B/북악관8층2호실",,,,,,
192,핵심교양,교양대학,교양대학,1132600,삶과윤리,51,조종화,3.0/3.0/0.0,"화10A,10B,11A,11B,12A,12B/북악관8층4호실",,,,,,
193,핵심교양,교양대학,교양대학,1135901,생명의탄생과이해,01,정용주,3.0/3.0/0.0,"화2B,3A,3B, 목2B,3A,3B/과학관지하1층10호실","응용화학부, 바이오발효융합학과, 식품영양학과, 산림환경시스템학과, 임산생명공학과 수강불가",,,,,
194,핵심교양,교양대학,교양대학,1135901,생명의탄생과이해,02,정용주,3.0/3.0/0.0,"화4A,4B,5A, 목4A,4B,5A/과학관지하1층10호실","응용화학부, 바이오발효융합학과, 식품영양학과, 산림환경시스템학과, 임산생명공학과 수강불가",,,,,
195,자유교양,교양대학,교양대학,1615401,생활속의클래식음악,01,이수진,3.0/3.0/0.0,"금5B,6A,6B,7A,7B,8A/북악관4층3호실",예술대학 음악학부 수강불가,,,,,
196,핵심교양,교양대학,교양대학,1135600,세계문학의이해,01,김소연,3.0/3.0/0.0,"화4A,4B,5A, 목4A,4B,5A/북악관3층5호실",영어영문학부 수강불가/ 원어강의,영어,,,,
197,핵심교양,교양대학,교양대학,1135600,세계문학의이해,02,이일환,3.0/3.0/0.0,"수1A,1B,2A, 금1A,1B,2A/북악관3층11호실",,,,,,
198,핵심교양,교양대학,교양대학,1135600,세계문학의이해,03,김소연,3.0/3.0/0.0,"월1A,1B,2A,2B,3A,3B/북악관11층10호실",영어영문학부 수강불가/원어강의,영어,,,,
199,핵심교양,교양대학,교양대학,1135600,세계문학의이해,04,이일환,3.0/3.0/0.0,"수7A,7B,8A/법학관3층3호실
, 금7A,7B,8A/북악관3층2호실",,,,,,
200,핵심교양,교양대학,교양대학,1135700,세계역사의이해,01,고재백,3.0/3.0/0.0,"화1A,1B,2A,2B,3A,3B/법학관3층3호실",,,,,,
201,핵심교양,교양대학,교양대학,1135700,세계역사의이해,02,고재백,3.0/3.0/0.0,"목1A,1B,2A,2B,3A,3B/법학관3층3호실",,,,,,
202,핵심교양,교양대학,교양대학,1135700,세계역사의이해,03,고재백,3.0/3.0/0.0,"수5B,6A,6B,7A,7B,8A/북악관10층10호실",,,,,,
203,핵심교양,교양대학,교양대학,1135700,세계역사의이해,04,고재백,3.0/3.0/0.0,"금7A,7B,8A,8B,9A,9B/공학관2층46호실",대형강좌,,,,,
204,핵심교양,교양대학,교양대학,1135700,세계역사의이해,51,고재백,3.0/3.0/0.0,"수12A,12B,13A,13B,14A,14B/북악관3층1호실",,,,,,
205,핵심교양,교양대학,교양대학,1133500,소통과토론,01,김은정,3.0/3.0/0.0,"목5B,6A,6B,7A,7B,8A/북악관8층2호실",,,,,,
206,핵심교양,교양대학,교양대학,1133500,소통과토론,02,이대현,3.0/3.0/0.0,"화4A,4B,5A,5B,6A,6B/북악관4층4호실",,,,,,
207,핵심교양,교양대학,교양대학,1133500,소통과토론,03,조서형,3.0/3.0/0.0,"금7A,7B,8A,8B,9A,9B/북악관10층10호실",외국인학생반,,,,,
208,핵심교양,교양대학,교양대학,1133500,소통과토론,04,조인숙,3.0/3.0/0.0,"월5A,5B,6A,6B,7A,7B/북악관4층1호실",,,,,,
209,핵심교양,교양대학,교양대학,1133500,소통과토론,05,류춘렬,3.0/3.0/0.0,"수5B,6A,6B,7A,7B,8A/북악관4층4호실",,,,,,
210,핵심교양,교양대학,교양대학,1133500,소통과토론,06,정관용,3.0/3.0/0.0,"금4A,4B,5A,5B,6A,6B/북악관4층7-1호실",,,,,,
211,핵심교양,교양대학,교양대학,1397300,소프트웨어혁명,01,윤수연,3.0/3.0/0.0,"수6A,6B,7A,7B,8A,8B/경영관3층1호실",대형 강좌/혼합수업(블렌디드수업),,,,,
212,자유교양,교양대학,교양대학,0135108,수영,01,김동현,1.0/1.0/1.0,"금6A,6B,7A,7B/미래관2층14호실",,,,,,
213,자유교양,교양대학,교양대학,0135108,수영,02,김동현,1.0/1.0/1.0,"금8A,8B,9A,9B/미래관2층14호실",,,,,,
214,자유교양,교양대학,교양대학,0362603,숲,01,임종환,2.0/2.0/0.0,"수2B,3A,3B,4A/미래관1층14호실",,,,,,
215,자유교양,교양대학,교양대학,0790501,스키및스노보드,01,이운용,1.0/1.0/1.0,"토5A,5B,6A,6B/미래관1층14호실",,,,,,
216,자유교양,교양대학,교양대학,0790501,스키및스노보드,02,김동현,1.0/1.0/1.0,"토7A,7B,8A,8B/미래관1층14호실",,,,,,
217,자유교양,교양대학,교양대학,0144705,스포츠댄스,01,이은혜,1.0/1.0/1.0,"화6A,6B,7A,7B/미래관1층20호실",,,,,,
218,자유교양,교양대학,교양대학,0144705,스포츠댄스,02,이은혜,1.0/1.0/1.0,"화8A,8B,9A,9B/미래관1층20호실",,,,,,
219,핵심교양,교양대학,교양대학,1133600,시민사회와경제,01,김영욱,3.0/3.0/0.0,"목7A,7B,8A,8B,9A,9B/국제관1층3호실","경상, 경영대학 수강불가/경제학원론 및 경제학개론 기수강자 수강불가",,,,,
220,핵심교양,교양대학,교양대학,1133600,시민사회와경제,02,오주현,3.0/3.0/0.0,"금4A,4B,5A,5B,6A,6B/경상관3층4호실","경상, 경영대학 수강불가/경제학원론 및 경제학개론 기수강자 수강불가",,,,,
221,핵심교양,교양대학,교양대학,1133600,시민사회와경제,03,오주현,3.0/3.0/0.0,"금7A,7B,8A,8B,9A,9B/경상관3층4호실","경상, 경영대학 수강불가/경제학원론 및 경제학개론 기수강자 수강불가",,,,,
222,핵심교양,교양대학,교양대학,1133600,시민사회와경제,04,채창균,3.0/3.0/0.0,"금7A,7B,8A,8B,9A,9B/경상관5층3호실","경상, 경영대학 수강불가/경제학원론 및 경제학개론 기수강자 수강불가",,,,,
223,핵심교양,교양대학,교양대학,0163208,시민사회의법과소통,01,김성배,3.0/3.0/0.0,"화1A,1B,2A, 목1A,1B,2A/법학관3층2호실",법과대학 수강불가,,,,,
224,핵심교양,교양대학,교양대학,0163208,시민사회의법과소통,02,황승흠,3.0/3.0/0.0,"화2B,3A,3B, 목2B,3A,3B/법학관3층2호실",법과대학 수강불가,,,,,
225,핵심교양,교양대학,교양대학,0163208,시민사회의법과소통,03,박민,3.0/3.0/0.0,"수4A,4B,5A, 금4A,4B,5A/법학관3층2호실",법과대학 수강불가/혼합수업(블렌디드수업),,,,,
226,핵심교양,교양대학,교양대학,0163208,시민사회의법과소통,04,정진석,3.0/3.0/0.0,"수5B,6A,6B, 금5B,6A,6B/법학관3층2호실",법과대학 수강불가,,,,,
227,자유교양,교양대학,교양대학,0363503,시민생활과세금,01,하홍준,2.0/2.0/0.0,"금8A,8B,9A,9B/법학관1층1호실",,,,,,
228,핵심교양,교양대학,교양대학,1132800,시민정신과사회봉사,01,이수석,3.0/3.0/0.0,"수5B,6A,6B, 금5B,6A,6B/북악관5층8호실",,,,,,
229,핵심교양,교양대학,교양대학,1132800,시민정신과사회봉사,02,이수석,3.0/3.0/0.0,"수4A,4B,5A, 금4A,4B,5A/북악관5층8호실",,,,,,
230,핵심교양,교양대학,교양대학,1132800,시민정신과사회봉사,03,이수석,3.0/3.0/0.0,"수2B,3A,3B, 금2B,3A,3B/북악관5층8호실",,,,,,
231,핵심교양,교양대학,교양대학,1132800,시민정신과사회봉사,04,남광규,3.0/3.0/0.0,"화4A,4B,5A, 목4A,4B,5A/북악관10층13호실",,,,,,
232,핵심교양,교양대학,교양대학,1132800,시민정신과사회봉사,91,박새암,3.0/3.0/0.0,"수11A,11B,12A,12B,13A,13B/북악관7층1호실",행정관리학과 학생 외 수강 불가,,,,,
233,자유교양,교양대학,교양대학,0342302,시민혁명과근대사회,01,김경래,2.0/2.0/0.0,"수8A,8B,9A,9B/북악관6층10호실",,,,,,
234,자유교양,교양대학,교양대학,0150704,식물과사회,01,이경학,2.0/2.0/0.0,"화2B,3A,3B,4A/미래관1층14호실",,,,,,
235,자유교양,교양대학,교양대학,0133806,식생활의문화적이해,01,남혜경,2.0/2.0/0.0,"목5A,5B,6A,6B/미래관1층2호실",식품영양학과 수강불가,,,,,
236,자유교양,교양대학,교양대학,0133806,식생활의문화적이해,02,남혜경,2.0/2.0/0.0,"목7A,7B,8A,8B/미래관1층2호실",식품영양학과 수강불가,,,,,
237,자유교양,교양대학,교양대학,0053805,신에너지의생활화,01,황승식,2.0/2.0/0.0,"수8A,8B,9A,9B/공학관2층20호실",,,,,,
238,자유교양,교양대학,교양대학,0899403,실용한국어쓰기,01,윤보은,3.0/3.0/0.0,"화7A,7B,8A, 목3A,3B,4A/북악관4층1호실","대학원생, 교환학생, 학부 외국인학생만 수강 가능/(구:창의적인한국어글쓰기)",,,,,
239,자유교양,교양대학,교양대학,1642001,실전취업성공전략,01,이재호,2.0/2.0/0.0,"금2A,2B,3A,3B/공학관2층16호실",1~2학년 및 학점교류생 수강불가,,,,,
240,자유교양,교양대학,교양대학,1396800,아르케세미나,01,박규철,2.0/2.0/0.0,"수5A,5B,6A,6B/북악관10층12호실",교양심화전공(필로소피아) 이수자 필수 교과목,,,,,
241,핵심교양,교양대학,교양대학,0024704,역사란무엇인가,01,윤은주,3.0/3.0/0.0,"수4A,4B,5A, 금4A,4B,5A/북악관4층6호실",,,,,,
242,핵심교양,교양대학,교양대학,0024704,역사란무엇인가,02,윤은주,3.0/3.0/0.0,"수5B,6A,6B, 금5B,6A,6B/북악관8층2호실",,,,,,
243,핵심교양,교양대학,교양대학,0024704,역사란무엇인가,03,윤은주,3.0/3.0/0.0,"화1A,1B,2A, 목1A,1B,2A/북악관8층5호실",,,,,,
244,자유교양,교양대학,교양대학,0717801,영상속일본문화읽기,01,박창건,3.0/3.0/0.0,"월2B,3A,3B,4A,4B,5A/북악관3층5호실",외국인학생 수강 시 TOPIK 5급 이상만 수강 가능,,,,,
245,자유교양,교양대학,교양대학,0563104,영어단편소설읽기,51,이인규,3.0/3.0/0.0,"금10A,10B,11A,11B,12A,12B/북악관7층6호실",영어영문학부 수강불가,,,,,
246,자유교양,교양대학,교양대학,1557500,영어발표와토론전략,01,류도형,2.0/2.0/0.0,"화8A,8B,9A,9B/북악관8층9호실",외국인학생 성적평가는 국내학생과 동일하게 적용/외국인학생 수강 시 TOPIK 3급 이상만 수강 가능/ 원어강의 아님,,,,,
247,자유교양,교양대학,교양대학,1641401,영어의사소통에대한자신감키우기,02,로버트스미스,3.0/3.0/0.0,"화7A,7B,8A/북악관2층11호실
, 목7A,7B,8A/북악관3층6호실",원어(영어)강의 /KIBS 수강불가,영어,,,,
248,자유교양,교양대학,교양대학,1641401,영어의사소통에대한자신감키우기,01,로버트스미스,3.0/3.0/0.0,"화5B,6A,6B/북악관2층11호실
, 목5B,6A,6B/북악관3층6호실",원어(영어)강의 /KIBS 수강불가,영어,,,,
249,자유교양,교양대학,교양대학,0496502,영화독해,01,임미진,2.0/2.0/0.0,"월4A,4B,5A,5B/북악관7층6호실",외국인학생 성적평가는 국내학생과 동일하게 적용/외국인학생 수강 시 TOPIK 3급 이상만 수강 가능,,,,,
250,자유교양,교양대학,교양대학,0604302,영화듣기,01,노윤아,2.0/2.0/0.0,"금3A,3B,4A,4B/북악관7층6호실",외국인학생 성적평가는 국내학생과 동일하게 적용/외국인학생 수강 시 TOPIK 3급 이상만 수강 가능,,,,,
251,자유교양,교양대학,교양대학,0306203,영화의이해,01,이현재,2.0/2.0/0.0,"화1A,1B,2A,2B/예술관1층18호실",연극-영화전공 수강불가,,,,,
252,자유교양,교양대학,교양대학,0534401,영화작문,01,이지현,2.0/2.0/0.0,"목2A,2B,3A,3B/북악관7층6호실",외국인학생 성적평가는 국내학생과 동일하게 적용/외국인학생 수강시  TOPIK 3급 이상만 수강 가능,,,,,
253,자유교양,교양대학,교양대학,0696001,"예술,창작과저작권",01,나강,3.0/3.0/0.0,"수2B,3A,3B, 목5B,6A,6B/법학관1층1호실",법과대학 수강불가,,,,,
254,자유교양,교양대학,교양대학,0838001,예술과철학,01,양민정,3.0/3.0/0.0,"수5B,6A,6B, 금5B,6A,6B/북악관11층10호실",,,,,,
255,자유교양,교양대학,교양대학,0791001,예술영화감상,01,이용주,2.0/1.0/2.0,"목1A,1B,2A,2B,3A,3B/예술관1층18호실",,,,,,
256,자유교양,교양대학,교양대학,1651401,원소들의파티:화학과일상,01,박명순,3.0/3.0/0.0,"화2B,3A,3B, 목2B,3A,3B/과학관1층20호실",,,,,,
257,자유교양,교양대학,교양대학,1651401,원소들의파티:화학과일상,51,이길선,3.0/3.0/0.0,"목10A,10B,11A,11B,12A,12B/과학관1층20호실",,,,,,
258,자유교양,교양대학,교양대학,1131900,융합특강,01,김도연,1.0/2.0/0.0,"수6A,6B,7A,7B/본부관1층1호실",'목요특강' 및 '기업가정신특강'과 동시수강불가,,,,,
259,핵심교양,교양대학,교양대학,1133100,음악의이해,01,김희선,3.0/3.0/0.0,"월2B,3A,3B,4A,4B,5A/북악관3층4호실",,,,,,
260,핵심교양,교양대학,교양대학,1133100,음악의이해,02,박종현,3.0/3.0/0.0,"수5B,6A,6B, 금5B,6A,6B/예술관4층6호실",영어 (원어) 강의,영어,,,,
261,핵심교양,교양대학,교양대학,1133100,음악의이해,03,박종현,3.0/3.0/0.0,"수4A,4B,5A, 금4A,4B,5A/북악관11층11호실",,,,,,
262,핵심교양,교양대학,교양대학,1133100,음악의이해,51,송현민,3.0/3.0/0.0,"수12A,12B,13A,13B,14A,14B/북악관4층3호실",,,,,,
263,자유교양,교양대학,교양대학,0522806,인생설계와진로,01,채춘옥,2.0/2.0/0.0,"화5A,5B,6A,6B/북악관3층4호실",중국학부 중국어문전공 신입생반/타과생 수강불가,,,,,
264,자유교양,교양대학,교양대학,0522806,인생설계와진로,02,초팽염,2.0/2.0/0.0,"목3A,3B,4A,4B/북악관10층8호실",중국학부 중국어문전공 신입생반/타과생 수강불가,,,,,
265,자유교양,교양대학,교양대학,0522806,인생설계와진로,03,윤옥한,2.0/2.0/0.0,"월4A,4B,5A,5B/북악관9층9호실",교육학과 신입생반/타과생 수강불가,,,,,
266,자유교양,교양대학,교양대학,0522806,인생설계와진로,04,윤성혜,2.0/2.0/0.0,"금1A,1B,2A,2B/북악관2층9호실",원어(영어)강의,영어,,,,
267,자유교양,교양대학,교양대학,0522806,인생설계와진로,05,윤성혜,2.0/2.0/0.0,"금4A,4B,5A,5B/북악관2층9호실",재수강자 수강 가능,,,,,
268,자유교양,교양대학,교양대학,0522806,인생설계와진로,06,이현기,2.0/2.0/0.0,"금5A,5B,6A,6B/북악관2층7호실",재수강자 수강 가능,,,,,
269,자유교양,교양대학,교양대학,0522806,인생설계와진로,07,우성식,2.0/2.0/0.0,"수5A,5B,6A,6B/북악관2층11호실",재수강자 수강 가능,,,,,
270,자유교양,교양대학,교양대학,0522806,인생설계와진로,08,박봉순,2.0/2.0/0.0,"월7A,7B,8A,8B/북악관2층9호실",원어(중국어)강의/재수강자 수강 가능,중국어,,,,
271,자유교양,교양대학,교양대학,0522806,인생설계와진로,09,오정근,2.0/2.0/0.0,"목3A,3B,4A,4B/북악관2층7호실",재수강자 수강 가능,,,,,
272,자유교양,교양대학,교양대학,0522806,인생설계와진로,10,우성식,2.0/2.0/0.0,"수7A,7B,8A,8B/북악관7층2호실",재수강자 수강 가능,,,,,
273,자유교양,교양대학,교양대학,0522806,인생설계와진로,11,박봉순,2.0/2.0/0.0,"수3A,3B,4A,4B/북악관2층11호실",원어(중국어)강의/재수강자 수강 가능,중국어,,,,
274,자유교양,교양대학,교양대학,0522806,인생설계와진로,12,한건수,2.0/2.0/0.0,"월3A,3B,4A,4B/북악관2층9호실",재수강자 수강 가능,,,,,
275,자유교양,교양대학,교양대학,0522806,인생설계와진로,13,한건수,2.0/2.0/0.0,"월5A,5B,6A,6B/북악관2층9호실",재수강자 수강 가능,,,,,
276,자유교양,교양대학,교양대학,0522806,인생설계와진로,14,이현기,2.0/2.0/0.0,"화6A,6B,7A,7B/북악관2층5호실",재수강자 수강 가능,,,,,
277,자유교양,교양대학,교양대학,0563801,일본대중문화론,01,이형주,2.0/2.0/0.0,"금2A,2B,3A,3B/북악관4층8호실",외국인학생 수강 시 TOPIK 5급 이상 수강 가능,,,,,
278,자유교양,교양대학,교양대학,018730A,일본어커뮤니케이션기초,01,YAMADA NAOYUKI,2.0/2.0/0.0,"수6A,6B,7A,7B/북악관10층8호실",일본학과 수강불가/외국인학생 수강 시 TOPIK 5급 이상 수강 가능/일본인학생 수강불가,,,,,
279,자유교양,교양대학,교양대학,018730A,일본어커뮤니케이션기초,02,엄태봉,2.0/2.0/0.0,"수8A,8B,9A,9B/북악관3층9호실",일본학과 수강불가/외국인학생 수강 시 TOPIK 5급 이상 수강 가능/일본인학생 수강불가,,,,,
280,자유교양,교양대학,교양대학,0307404,일본어커뮤니케이션중급,01,김보예,2.0/2.0/0.0,"목5A,5B,6A,6B/북악관10층8호실",일본학과 수강불가/외국인학생 수강 시 TOPIK 5급 이상 수강 가능/일본인학생 수강불가,,,,,
281,핵심교양,교양대학,교양대학,1132500,임시정부와독립운동,01,이계형,3.0/3.0/0.0,"화1A,1B,2A, 목1A,1B,2A/북악관4층3호실","국사, 한국역사학과 수강불가",,,,,
282,핵심교양,교양대학,교양대학,1132500,임시정부와독립운동,02,황선익,3.0/3.0/0.0,"화2B,3A,3B, 목2B,3A,3B/북악관3층1호실","국사, 한국역사학과 수강불가",,,,,
283,핵심교양,교양대학,교양대학,1132500,임시정부와독립운동,03,이계형,3.0/3.0/0.0,"화4A,4B,5A, 목4A,4B,5A/북악관3층1호실","국사, 한국역사학과 수강불가",,,,,
284,핵심교양,교양대학,교양대학,1132500,임시정부와독립운동,04,이계형,3.0/3.0/0.0,"수5B,6A,6B, 금5B,6A,6B/미래관1층15호실","국사, 한국역사학과 수강불가",,,,,
285,핵심교양,교양대학,교양대학,1132500,임시정부와독립운동,51,오세호,3.0/3.0/0.0,"금10A,10B,11A,11B,12A,12B/북악관3층10호실","국사, 한국역사학과 수강불가",,,,,
286,핵심교양,교양대학,교양대학,0458504,자기주도스포츠,01,김동현,3.0/3.0/0.0,"화1A,1B,2A, 목1A,1B,2A/미래관2층15호실",,,,,,
287,핵심교양,교양대학,교양대학,0458504,자기주도스포츠,02,김동현,3.0/3.0/0.0,"화2B,3A,3B, 목2B,3A,3B/미래관2층15호실",,,,,,
288,핵심교양,교양대학,교양대학,0458504,자기주도스포츠,03,송희경,3.0/3.0/0.0,"수7A,7B,8A, 금7A,7B,8A/미래관1층15호실",,,,,,
289,핵심교양,교양대학,교양대학,0458504,자기주도스포츠,04,송희경,3.0/3.0/0.0,"수8B,9A,9B, 금8B,9A,9B/미래관1층15호실",,,,,,
290,핵심교양,교양대학,교양대학,0458504,자기주도스포츠,05,이원재,3.0/3.0/0.0,"화8B,9A,9B, 목8B,9A,9B/미래관1층15호실",,,,,,
291,핵심교양,교양대학,교양대학,0458504,자기주도스포츠,06,조영희,3.0/3.0/0.0,"화4A,4B,5A, 목4A,4B,5A/미래관2층15호실",,,,,,
292,핵심교양,교양대학,교양대학,0458504,자기주도스포츠,07,조영희,3.0/3.0/0.0,"화5B,6A,6B, 목5B,6A,6B/미래관2층4호실",,,,,,
293,핵심교양,교양대학,교양대학,0458504,자기주도스포츠,08,이운용,3.0/3.0/0.0,"월1A,1B,2A,2B,3A,3B/미래관1층15호실",,,,,,
294,자유교양,교양대학,교양대학,0069807,자동차기술,01,최웅철,2.0/2.0/0.0,"목3A,3B,4A,4B/공학관2층16호실","기계공학부, 자동차융합대학 수강 불가",,,,,
295,자유교양,교양대학,교양대학,0562604,자신있게말하기,01,손규리,2.0/0.0/2.0,"월3A,3B,4A,4B/북악관6층10호실",,,,,,
296,자유교양,교양대학,교양대학,0562604,자신있게말하기,02,김은정,2.0/0.0/2.0,"화5A,5B,6A,6B/북악관2층9호실",,,,,,
297,자유교양,교양대학,교양대학,0562604,자신있게말하기,03,손규리,2.0/0.0/2.0,"월5A,5B,6A,6B/북악관10층15호실",,,,,,
298,자유교양,교양대학,교양대학,0562604,자신있게말하기,04,김은정,2.0/0.0/2.0,"화3A,3B,4A,4B/북악관2층7호실",,,,,,
299,자유교양,교양대학,교양대학,0562604,자신있게말하기,05,오정근,2.0/0.0/2.0,"수3A,3B,4A,4B/북악관2층9호실",,,,,,
300,자유교양,교양대학,교양대학,0562604,자신있게말하기,06,김수정,2.0/0.0/2.0,"목7A,7B,8A,8B/북악관2층9호실",,,,,,
301,자유교양,교양대학,교양대학,0562604,자신있게말하기,07,김수정,2.0/0.0/2.0,"목5A,5B,6A,6B/북악관2층9호실",,,,,,
302,자유교양,교양대학,교양대학,0562604,자신있게말하기,08,손규리,2.0/0.0/2.0,"금3A,3B,4A,4B/북악관2층9호실",외국인반,,,,,
303,자유교양,교양대학,교양대학,0562604,자신있게말하기,09,오정근,2.0/0.0/2.0,"수7A,7B,8A,8B/북악관2층9호실",,,,,,
304,자유교양,교양대학,교양대학,0562604,자신있게말하기,10,손규리,2.0/0.0/2.0,"금5A,5B,6A,6B/북악관2층9호실",,,,,,
305,핵심교양,교양대학,교양대학,1136201,정보기술과창의적사고,01,윤종영,3.0/3.0/0.0,"금2B,3A,3B,4A,4B,5A/미래관2층32호실","원어(영어)강의/소프트웨어융합대학, 전자공학부, 자동차IT융합학과, 경영정보학부, AI빅데이터융합경영학과, 정보보안암호수학과 수강불가",영어,,,,
306,핵심교양,교양대학,교양대학,1136201,정보기술과창의적사고,02,이창우,3.0/3.0/0.0,"수4A,4B,5A, 금4A,4B,5A/미래관2층31호실","소프트웨어융합대학, 전자공학부, 자동차IT융합학과, 경영정보학부, AI빅데이터융합경영학과, 정보보안암호수학과 수강불가",,,,,
307,핵심교양,교양대학,교양대학,1136201,정보기술과창의적사고,03,허대영,3.0/3.0/0.0,"월5B,6A,6B, 수5B,6A,6B/미래관2층32호실","소프트웨어융합대학, 전자공학부, 자동차IT융합학과, 경영정보학부, AI빅데이터융합경영학과, 정보보안암호수학과 수강불가",,,,,
308,핵심교양,교양대학,교양대학,1136201,정보기술과창의적사고,51,송진주,3.0/3.0/0.0,"화10A,10B,11A,11B,12A,12B/미래관6층11호실","원격강의/학년별 수강신청 기간 중 야간학생 수강신청 가능, 주간학생 수강신청 불가/수강신청 변경기간 중 주간학생 수강가능/소프트웨어융합대학, 전자공학부, 자동차IT융합학과, 경영정보학부, AI빅데이터융합경영학과, 정보보안암호수학과 수강불가",,,,,
309,핵심교양,교양대학,교양대학,1133701,정치와공론,01,안현상,3.0/3.0/0.0,"화1A,1B,2A, 목1A,1B,2A/북악관3층4호실",정치외교학과 수강불가,,,,,
310,핵심교양,교양대학,교양대학,1133701,정치와공론,02,우수미,3.0/3.0/0.0,"화2B,3A,3B, 목2B,3A,3B/북악관11층10호실",정치외교학과 수강불가,,,,,
311,핵심교양,교양대학,교양대학,1133701,정치와공론,03,고댕,3.0/3.0/0.0,"수7A,7B,8A,8B,9A,9B/북악관4층3호실",원어(영어)강의/정치외교학과 수강불가,영어,,,,
312,핵심교양,교양대학,교양대학,1133701,정치와공론,04,조성복,3.0/3.0/0.0,"수7A,7B,8A, 금7A,7B,8A/북악관5층8호실",정치외교학과 수강불가,,,,,
313,핵심교양,교양대학,교양대학,1133701,정치와공론,05,조성복,3.0/3.0/0.0,"수5B,6A,6B, 금5B,6A,6B/공학관2층20호실",정치외교학과 수강불가,,,,,
314,핵심교양,교양대학,교양대학,1133701,정치와공론,06,김재길,3.0/3.0/0.0,"금7A,7B,8A,8B,9A,9B/북악관3층11호실",정치외교학과 수강불가,,,,,
315,핵심교양,교양대학,교양대학,1133701,정치와공론,07,윤수찬,3.0/3.0/0.0,"금5B,6A,6B,7A,7B,8A/북악관10층13호실",정치외교학과 수강불가,,,,,
316,핵심교양,교양대학,교양대학,1133701,정치와공론,51,이민규,3.0/3.0/0.0,"수12A,12B,13A,13B,14A,14B/북악관3층4호실",정치외교학과 수강불가,,,,,
317,자유교양,교양대학,교양대학,0180806,정치전략과전략기획,01,윤수찬,3.0/3.0/0.0,"화5B,6A,6B, 목5B,6A,6B/북악관3층1호실",,,,,,
318,자유교양,교양대학,교양대학,0031906,증권투자의이해,01,이상인,2.0/2.0/0.0,"금6A,6B,7A,7B/국제관5층5호실",경영대학 수강불가,,,,,
319,핵심교양,교양대학,교양대학,1136100,지구생태계와인간,01,이성숙,3.0/3.0/0.0,"수4A,4B,5A, 금4A,4B,5A/미래관2층4호실","산림환경시스템학과, 임산생명공학과 수강불가",,,,,
320,핵심교양,교양대학,교양대학,1136100,지구생태계와인간,02,이성숙,3.0/3.0/0.0,"수5B,6A,6B, 금5B,6A,6B/미래관2층4호실","산림환경시스템학과, 임산생명공학과 수강불가",,,,,
321,핵심교양,교양대학,교양대학,1136100,지구생태계와인간,03,문가현,3.0/3.0/0.0,"화1A,1B,2A, 목1A,1B,2A/미래관2층4호실","산림환경시스템학과, 임산생명공학과 수강불가",,,,,
322,핵심교양,교양대학,교양대학,1136100,지구생태계와인간,04,문가현,3.0/3.0/0.0,"화2B,3A,3B, 목2B,3A,3B/미래관2층4호실","산림환경시스템학과, 임산생명공학과 수강불가",,,,,
323,자유교양,교양대학,교양대학,1618301,지리공간의이해,01,황진후,3.0/3.0/0.0,"월2B,3A,3B,4A,4B,5A/북악관8층3호실",,,,,,
324,자유교양,교양대학,교양대학,1615201,지식재산과창업,01,홍정표,2.0/2.0/0.0,"금2A,2B,3A,3B/공학관지하1층18호실",,,,,,
325,자유교양,교양대학,교양대학,1642101,차세대통신의미래,01,주민철,3.0/3.0/0.0,"화1A,1B,2A, 목1A,1B,2A/미래관2층34호실",K-MOOC 자율참여강좌(온라인 수업)/혼합수업(블렌디드수업),,,,,
326,자유교양,교양대학,교양대학,0573601,채용시장의이해,01,이재호,1.0/2.0/0.0,"화6A,6B,7A,7B/본부관1층1호실","1학년 및 학점교류생 수강불가/인문,사회 계열 중심",,,,,
327,자유교양,교양대학,교양대학,0573601,채용시장의이해,02,이재호,1.0/2.0/0.0,"화8A,8B,9A,9B/본부관1층1호실",1학년 및 학점교류생 수강불가/이공계 중심,,,,,
328,핵심교양,교양대학,교양대학,1132700,철학의물음들,01,조종화,3.0/3.0/0.0,"수7A,7B,8A, 금7A,7B,8A/북악관3층1호실",,,,,,
329,핵심교양,교양대학,교양대학,1132700,철학의물음들,02,이근세,3.0/3.0/0.0,"화2B,3A,3B, 목2B,3A,3B/북악관3층4호실",,,,,,
330,핵심교양,교양대학,교양대학,1132700,철학의물음들,03,조종화,3.0/3.0/0.0,"화2B,3A,3B, 목2B,3A,3B/북악관11층11호실",,,,,,
331,핵심교양,교양대학,교양대학,1132700,철학의물음들,04,김한승,3.0/3.0/0.0,"목10A,10B,11A,11B,12A,12B/북악관3층5호실",,,,,,
332,핵심교양,교양대학,교양대학,1132700,철학의물음들,05,김한승,3.0/3.0/0.0,"화4A,4B,5A, 목4A,4B,5A/북악관6층10호실",,,,,,
333,핵심교양,교양대학,교양대학,1132700,철학의물음들,06,피터리,3.0/3.0/0.0,"금7A,7B,8A,8B,9A,9B/북악관4층2호실",원어(영어)강의/혼합수업(블렌디드수업),영어,,,,
334,자유교양,교양대학,교양대학,0574101,체험뮤지컬,01,정경희,3.0/1.0/2.0,"수5B,6A,6B,7A,7B,8A/예술관지하중2층2호실",,,,,,
335,자유교양,교양대학,교양대학,0145005,초급골프,01,김영석,1.0/1.0/1.0,"수6A,6B,7A,7B/미래관1층21호실",,,,,,
336,자유교양,교양대학,교양대학,0145005,초급골프,02,김영석,1.0/1.0/1.0,"수8A,8B,9A,9B/미래관1층21호실",,,,,,
337,자유교양,교양대학,교양대학,0145005,초급골프,03,임서희,1.0/1.0/1.0,"화5A,5B,6A,6B/미래관1층21호실",,,,,,
338,자유교양,교양대학,교양대학,0145005,초급골프,04,임서희,1.0/1.0/1.0,"화8A,8B,9A,9B/미래관1층21호실",,,,,,
339,자유교양,교양대학,교양대학,013470O,초급농구,01,김소은,1.0/1.0/1.0,"수3A,3B,4A,4B/체육관2층1호실",,,,,,
340,자유교양,교양대학,교양대학,013470O,초급농구,02,김소은,1.0/1.0/1.0,"수5A,5B,6A,6B/체육관2층1호실",,,,,,
341,자유교양,교양대학,교양대학,0731401,춤으로문화읽기,01,서희영,2.0/0.0/2.0,"목6A,6B,7A,7B/예술관지하3층3호실",협동강의/무용전공 수강불가,,,,,
342,자유교양,교양대학,교양대학,0549602,취·창업과진로설계,01,강주성,2.0/2.0/0.0,"화5A,5B,6A,6B/법학관1층6호실",3-4학년 및 학점교류생 수강불가,,,,,
343,자유교양,교양대학,교양대학,0549602,취·창업과진로설계,02,강주성,2.0/2.0/0.0,"화7A,7B,8A,8B/법학관1층6호실",3-4학년 및 학점교류생 수강불가,,,,,
344,자유교양,교양대학,교양대학,0549602,취·창업과진로설계,03,김태완,2.0/2.0/0.0,"월5A,5B,6A,6B/법학관1층6호실",3-4학년 및 학점교류생 수강불가,,,,,
345,자유교양,교양대학,교양대학,0549602,취·창업과진로설계,04,김태완,2.0/2.0/0.0,"월7A,7B,8A,8B/법학관1층6호실",3-4학년 및 학점교류생 수강불가,,,,,
346,자유교양,교양대학,교양대학,0549602,취·창업과진로설계,05,박희주,2.0/2.0/0.0,"수6A,6B,7A,7B/북악관4층5호실",3-4학년 및 학점교류생 수강불가,,,,,
347,자유교양,교양대학,교양대학,0549602,취·창업과진로설계,06,박희주,2.0/2.0/0.0,"수8A,8B,9A,9B/북악관4층5호실",3-4학년 및 학점교류생 수강불가,,,,,
348,자유교양,교양대학,교양대학,0549602,취·창업과진로설계,07,이민경,2.0/2.0/0.0,"화3A,3B,4A,4B/글로벌센터1층1호실",외국인유학생 학부 1~2학년만 수강 가능,,,,,
349,자유교양,교양대학,교양대학,0497003,취·창업역량과전략,01,이종일,2.0/2.0/0.0,"수6A,6B,7A,7B/법학관1층6호실",1-2학년 및 학점교류생 수강불가,,,,,
350,자유교양,교양대학,교양대학,0497003,취·창업역량과전략,02,이종일,2.0/2.0/0.0,"수8A,8B,9A,9B/법학관1층6호실",1-2학년 및 학점교류생 수강불가,,,,,
351,자유교양,교양대학,교양대학,0497003,취·창업역량과전략,03,이동진,2.0/2.0/0.0,"월8A,8B,9A,9B/글로벌센터1층1호실",1-2학년 및 학점교류생 수강불가,,,,,
352,자유교양,교양대학,교양대학,0497003,취·창업역량과전략,04,이동진,2.0/2.0/0.0,"월6A,6B,7A,7B/글로벌센터1층1호실",1~2학년 및 학점교류생 수강불가,,,,,
353,자유교양,교양대학,교양대학,0497003,취·창업역량과전략,05,강신호,2.0/2.0/0.0,"화1A,1B,2A,2B/공학관3층55호실",1~2학년 및 학점교류생 수강불가,,,,,
354,자유교양,교양대학,교양대학,0497003,취·창업역량과전략,06,강신호,2.0/2.0/0.0,"화3A,3B,4A,4B/공학관3층55호실",1~2학년 및 학점교류생 수강불가,,,,,
355,자유교양,교양대학,교양대학,0497003,취·창업역량과전략,07,이민경,2.0/2.0/0.0,"목2A,2B,3A,3B/글로벌센터1층1호실",외국인유학생 학부 3~4학년만 수강 가능,,,,,
356,자유교양,교양대학,교양대학,0808901,커리어역량강화프로그램,01,이재호,2.0/1.0/1.0,"일0A,0B,1A,1B/종합복지관5층4호실",2024 하계(상반기) 국민취업지원제도 일경험 수강자만 해당/수강가능여부 02-910-5985,,,,,
357,핵심교양,교양대학,교양대학,1617801,커뮤니케이션과삶,01,한희정,3.0/3.0/0.0,"화1A,1B,2A/북악관3층7호실
, 목1A,1B,2A/북악관4층7호실",,,,,,
358,핵심교양,교양대학,교양대학,1617801,커뮤니케이션과삶,02,한희정,3.0/3.0/0.0,"화2B,3A,3B/북악관3층7호실
, 목2B,3A,3B/북악관4층7호실",,,,,,
359,핵심교양,교양대학,교양대학,1617801,커뮤니케이션과삶,51,한희정,3.0/3.0/0.0,"수11A,11B,12A,12B,13A,13B/북악관4층7호실",원격수업,,,,,
360,자유교양,교양대학,교양대학,0135608,탁구,01,이운용,1.0/1.0/1.0,"화8A,8B,9A,9B/체육관2층1호실",,,,,,
361,자유교양,교양대학,교양대학,013580T,테니스,01,장의종,1.0/1.0/1.0,"목2A,2B,3A,3B/테니스장",,,,,,
362,자유교양,교양대학,교양대학,013580T,테니스,02,장의종,1.0/1.0/1.0,"목4A,4B,5A,5B/테니스장",,,,,,
363,자유교양,교양대학,교양대학,013580T,테니스,03,장의종,1.0/1.0/1.0,"금6A,6B,7A,7B/테니스장",,,,,,
364,자유교양,교양대학,교양대학,013580T,테니스,04,장의종,1.0/1.0/1.0,"금8A,8B,9A,9B/테니스장",,,,,,
365,핵심교양,교양대학,교양대학,1284701,통일시대지성인으로서의역할,01,박은주,3.0/3.0/0.0,"월6A,6B,7A,7B,8A,8B/북악관10층8호실",,,,,,
366,핵심교양,교양대학,교양대학,1284701,통일시대지성인으로서의역할,02,여현철,3.0/3.0/0.0,"화7A,7B,8A, 목7A,7B,8A/미래관1층15호실",,,,,,
367,핵심교양,교양대학,교양대학,1284701,통일시대지성인으로서의역할,51,박태우,3.0/3.0/0.0,"목11A,11B,12A,12B,13A,13B/북악관8층5호실",,,,,,
368,자유교양,교양대학,교양대학,1641301,하브루타와창의융합교육,01,정선영,2.0/2.0/0.0,"수6A,6B,7A,7B/경영관지하1층7-2호실",교육학과 수강불가,,,,,
369,자유교양,교양대학,교양대학,0573301,한국도시생활사(1880-2000),01,안드레이 란코프,2.0/2.0/0.0,"금5A,5B,6A,6B/법학관1층1호실",,,,,,
370,자유교양,교양대학,교양대학,0622104,한국문학과문화의이해,01,최수현,3.0/3.0/0.0,"화8B,9A,9B, 목2B,3A,3B/공학관지하1층15호실","대학원생, 교환학생, 학부 외국인학생만 수강 가능",,,,,
371,핵심교양,교양대학,교양대학,1132900,한국문학의이해,01,최은혜,3.0/3.0/0.0,"월2B,3A,3B,4A,4B,5A/미래관1층14호실",한국어문학부 수강불가,,,,,
372,핵심교양,교양대학,교양대학,1132900,한국문학의이해,02,박인희,3.0/3.0/0.0,"화2B,3A,3B, 목2B,3A,3B/북악관4층2호실",한국어문학부 수강불가,,,,,
373,핵심교양,교양대학,교양대학,1132900,한국문학의이해,03,서연주,3.0/3.0/0.0,"수7A,7B,8A, 금7A,7B,8A/북악관8층5호실",한국어문학부 수강불가,,,,,
374,핵심교양,교양대학,교양대학,1132900,한국문학의이해,04,김채봉,3.0/3.0/0.0,"수8B,9A,9B, 금8B,9A,9B/경상관1층3호실",한국어문학부 수강불가,,,,,
375,핵심교양,교양대학,교양대학,1132900,한국문학의이해,05,김진옥,3.0/3.0/0.0,"금7A,7B,8A,8B,9A,9B/북악관4층6호실",한국어문학부 수강불가,,,,,
376,핵심교양,교양대학,교양대학,1132900,한국문학의이해,06,조재현,3.0/3.0/0.0,"화4A,4B,5A, 목4A,4B,5A/북악관11층11호실",한국어문학부 수강불가,,,,,
377,핵심교양,교양대학,교양대학,1132900,한국문학의이해,51,서영인,3.0/3.0/0.0,"화10A,10B,11A,11B,12A,12B/북악관3층5호실",한국어문학부 수강불가,,,,,
378,핵심교양,교양대학,교양대학,1467200,한국사회와문화,01,김희선,3.0/3.0/0.0,"목4A,4B,5A,5B,6A,6B/글로벌센터1층1호실","원어(영어)강의/Korean Society and Culture/외국인(교환학생, 학부생) 대상 교과목/한국인학생 수강불가",영어,,,,
379,핵심교양,교양대학,교양대학,1467200,한국사회와문화,02,박봉순,3.0/3.0/0.0,"화7A,7B,8A,8B,9A,9B/국제관2층1-2호실","원어(중국어)강의/Korean Society and Culture/외국인(교환학생, 학부생) 대상 교과목/한국인학생 수강불가",중국어,,,,
380,핵심교양,교양대학,교양대학,1467200,한국사회와문화,03,박봉순,3.0/3.0/0.0,"금5B,6A,6B,7A,7B,8A/북악관6층10호실","원어(중국어)강의/Korean Society and Culture/외국인(교환학생, 학부생) 대상 교과목/한국인학생 수강불가",중국어,,,,
381,자유교양,교양대학,교양대학,0791402,한국어1,01,홍성지,3.0/3.0/0.0,"월4A,4B,5A, 수4A,4B,5A/글로벌센터1층1호실","대학원생, 교환학생만 수강 가능(학부 외국인학생 불가)",,,,,
382,자유교양,교양대학,교양대학,0791502,한국어2,01,정연희,3.0/3.0/0.0,"월2B,3A,3B/북악관4층1호실
, 목7A,7B,8A/북악관3층7호실","대학원생, 교환학생만 수강 가능(학부 외국인학생 불가)",,,,,
383,자유교양,교양대학,교양대학,0791602,한국어3,01,정연희,3.0/3.0/0.0,"월4A,4B,5A/북악관3층6호실
, 목4A,4B,5A/북악관4층2호실","대학원생, 교환학생만 수강 가능(학부 외국인학생 불가)",,,,,
384,자유교양,교양대학,교양대학,0622203,한국어와한국문화,01,백인선,3.0/3.0/0.0,"화7A,7B,8A, 목4A,4B,5A/과학관지하1층9호실","대학원생, 교환학생, 학부 외국인학생만 수강 가능",,,,,
385,자유교양,교양대학,교양대학,0791803,한국어자신있게 말하기,01,이효정,3.0/3.0/0.0,"화4A,4B,5A/북악관3층6호실
, 금7A,7B,8A/글로벌센터5층4호실","대학원생, 교환학생, 학부 외국인학생만 수강 가능",,,,,
386,핵심교양,교양대학,교양대학,1132400,한국역사의이해,01,한준수,3.0/3.0/0.0,"수5B,6A,6B, 금5B,6A,6B/북악관6층5호실","국사, 한국역사학과 수강불가",,,,,
387,핵심교양,교양대학,교양대학,1132400,한국역사의이해,02,여성구,3.0/3.0/0.0,"금7A,7B,8A,8B,9A,9B/북악관3층5호실","국사, 한국역사학과 수강불가",,,,,
388,핵심교양,교양대학,교양대학,1132400,한국역사의이해,03,한준수,3.0/3.0/0.0,"수4A,4B,5A, 금4A,4B,5A/북악관4층7호실","국사, 한국역사학과 수강불가",,,,,
389,핵심교양,교양대학,교양대학,1132400,한국역사의이해,04,여성구,3.0/3.0/0.0,"수5B,6A,6B, 금5B,6A,6B/북악관4층7호실","국사, 한국역사학과 수강불가",,,,,
390,핵심교양,교양대학,교양대학,1132400,한국역사의이해,05,김연민,3.0/3.0/0.0,"화1A,1B,2A, 목1A,1B,2A/북악관10층13호실","국사, 한국역사학과 수강불가",,,,,
391,핵심교양,교양대학,교양대학,1132400,한국역사의이해,06,여성구,3.0/3.0/0.0,"화4A,4B,5A, 목4A,4B,5A/북악관10층10호실","국사, 한국역사학과 수강불가",,,,,
392,핵심교양,교양대학,교양대학,1132400,한국역사의이해,07,신채용,3.0/3.0/0.0,"화5B,6A,6B, 목5B,6A,6B/경영관5층6호실","국사, 한국역사학과 수강불가",,,,,
393,핵심교양,교양대학,교양대학,1132400,한국역사의이해,08,남무희,3.0/3.0/0.0,"화1A,1B,2A, 목1A,1B,2A/북악관11층11호실","국사, 한국역사학과 수강불가",,,,,
394,핵심교양,교양대학,교양대학,1132400,한국역사의이해,09,김연민,3.0/3.0/0.0,"화4A,4B,5A, 목4A,4B,5A/법학관3층2호실","국사, 한국역사학과 수강불가",,,,,
395,핵심교양,교양대학,교양대학,1132400,한국역사의이해,10,김수진,3.0/3.0/0.0,"수2B,3A,3B,4A,4B,5A/북악관3층4호실","국사, 한국역사학과 수강불가",,,,,
396,핵심교양,교양대학,교양대학,1133000,한문과문화,01,박봉순,3.0/3.0/0.0,"화1A,1B,2A, 목1A,1B,2A/북악관6층10호실",,,,,,
397,핵심교양,교양대학,교양대학,1133000,한문과문화,02,박영순,3.0/3.0/0.0,"화2B,3A,3B, 목2B,3A,3B/북악관5층8호실",,,,,,
398,핵심교양,교양대학,교양대학,1133000,한문과문화,03,조휘만,3.0/3.0/0.0,"화5B,6A,6B, 목5B,6A,6B/북악관10층10호실",,,,,,
399,핵심교양,교양대학,교양대학,1133000,한문과문화,04,한영걸,3.0/3.0/0.0,"금7A,7B,8A,8B,9A,9B/국제관1층3호실",,,,,,
400,핵심교양,교양대학,교양대학,1133000,한문과문화,05,오한나,3.0/3.0/0.0,"화4A,4B,5A, 목4A,4B,5A/북악관8층5호실",,,,,,
401,핵심교양,교양대학,교양대학,1133000,한문과문화,06,조휘만,3.0/3.0/0.0,"화7A,7B,8A, 목7A,7B,8A/법학관2층4호실",,,,,,
402,핵심교양,교양대학,교양대학,1133000,한문과문화,07,이명아,3.0/3.0/0.0,"화5B,6A,6B, 목5B,6A,6B/북악관8층5호실",,,,,,
403,핵심교양,교양대학,교양대학,1133000,한문과문화,08,한영걸,3.0/3.0/0.0,"수5B,6A,6B, 금5B,6A,6B/북악관8층5호실",,,,,,
404,핵심교양,교양대학,교양대학,1135500,현대동아시아의이해,01,김영진,3.0/3.0/0.0,"수8B,9A,9B, 금8B,9A,9B/북악관4층8호실","중국정경전공, 러시아·유라시아학과, 일본학과 수강불가",,,,,
405,핵심교양,교양대학,교양대학,1135500,현대동아시아의이해,02,,3.0/3.0/0.0,"화2B,3A,3B, 목2B,3A,3B/북악관8층2호실","중국정경전공, 러시아·유라시아학과, 일본학과 수강불가",,,,,
406,핵심교양,교양대학,교양대학,1135500,현대동아시아의이해,51,박창건,3.0/3.0/0.0,"월10A,10B,11A,11B,12A,12B/북악관4층6호실","중국정경전공, 러시아·유라시아학과, 일본학과 수강불가",,,,,
407,자유교양,교양대학,교양대학,0731301,현대사회와에너지,01,김남균,2.0/2.0/0.0,"금2A,2B,3A,3B/미래관2층4호실",,,,,,
408,자유교양,교양대학,교양대학,1641201,현대인의생활과환경오염 ,01,김동하,3.0/3.0/0.0,"목4A,4B,5A,5B,6A,6B/공학관지하1층16호실",,,,,,
409,자유교양,교양대학,교양대학,0131708,현대인의식생활과건강,01,남혜경,2.0/2.0/0.0,"수6A,6B,7A,7B/과학관지하1층10호실",식품영양학과 수강불가,,,,,
410,자유교양,교양대학,교양대학,0131708,현대인의식생활과건강,02,남혜경,2.0/2.0/0.0,"수8A,8B,9A,9B/과학관지하1층10호실",식품영양학과 수강불가,,,,,
411,자유교양,교양대학,교양대학,0150108,환경생태학,01,임주훈,2.0/2.0/0.0,"수5A,5B,6A,6B/미래관1층14호실",,,,,,
412,핵심교양,교양대학,교양대학,1231601,회계와사업계획서,01,박경재,2.0/2.0/0.0,"월3A,3B,4A,4B/경영관3층1호실","회계관련자격증취득(응시료지원),온라인교육병행 ※2025년 부터 해당교과 폐지예정,재수강 예정자 참고 필수",,,,,
413,핵심교양,교양대학,교양대학,1231601,회계와사업계획서,02,박경재,2.0/2.0/0.0,"월6A,6B,7A,7B/경영관3층1호실","재수강반,회계관련자격증취득(응시료지원),온라인교육병행/※2025년 부터 해당교과 폐지예정,재수강 예정자 참고 필수",,,,,
414,일반선택,학과미배정,학과미배정,0307705,안전및조직관리사례연구,01,김대준,3.0/4.0/0.0,"화0A,0B,1A,1B, 금0B,1A,1B,2A/학군단A동1층9호실",학군단 교과목,,,,,
415,일반선택,학과미배정,학과미배정,0307805,조직리더십사례연구,01,이근,3.0/4.0/0.0,"화0A,0B,1A,1B, 목0B,1A,1B,2A/학군단A동1층11호실",학군단 교과목,,,,,
